Date,Year,Program,Rating,Mean_Rating,Median_Rating,Diff_From_Mean,Status_Vs_Mean,Z_Score,Is_Outlier,Prev_Week_Rating,WoW_Diff,Std_Rating,CV_Percent,Skewness,Q1_Rating,Q3_Rating,IQR_Rating,Min_Rating,Max_Rating,Broadcast_Days
2025-04-01,2025,뉴스광장 2부 (KBS),13.1,10.92,10.9,2.18,평균 이상,0.81,정상 범위,,,2.69,24.67,0.12,9.17,12.8,3.63,2.2,18.8,196.0
2025-04-02,2025,뉴스광장 2부 (KBS),12.1,10.92,10.9,1.18,평균 이상,0.44,정상 범위,,,2.69,24.67,0.12,9.17,12.8,3.63,2.2,18.8,196.0
2025-04-03,2025,뉴스광장 2부 (KBS),8.5,10.92,10.9,-2.42,평균 이하,-0.9,정상 범위,,,2.69,24.67,0.12,9.17,12.8,3.63,2.2,18.8,196.0
2025-04-04,2025,뉴스광장 2부 (KBS),11.0,10.92,10.9,0.08,평균 이상,0.03,정상 범위,,,2.69,24.67,0.12,9.17,12.8,3.63,2.2,18.8,196.0
2025-04-07,2025,뉴스광장 2부 (KBS),11.4,10.92,10.9,0.48,평균 이상,0.18,정상 범위,,,2.69,24.67,0.12,9.17,12.8,3.63,2.2,18.8,196.0
2025-04-08,2025,뉴스광장 2부 (KBS),11.1,10.92,10.9,0.18,평균 이상,0.07,정상 범위,,,2.69,24.67,0.12,9.17,12.8,3.63,2.2,18.8,196.0
2025-04-09,2025,뉴스광장 2부 (KBS),13.6,10.92,10.9,2.68,평균 이상,1.0,정상 범위,,,2.69,24.67,0.12,9.17,12.8,3.63,2.2,18.8,196.0
2025-04-10,2025,뉴스광장 2부 (KBS),13.4,10.92,10.9,2.48,평균 이상,0.92,정상 범위,13.1,0.3,2.69,24.67,0.12,9.17,12.8,3.63,2.2,18.8,196.0
2025-04-11,2025,뉴스광장 2부 (KBS),11.8,10.92,10.9,0.88,평균 이상,0.33,정상 범위,12.1,-0.3,2.69,24.67,0.12,9.17,12.8,3.63,2.2,18.8,196.0
2025-04-14,2025,뉴스광장 2부 (KBS),15.9,10.92,10.9,4.98,평균 이상,1.85,정상 범위,8.5,7.4,2.69,24.67,0.12,9.17,12.8,3.63,2.2,18.8,196.0
2025-04-15,2025,뉴스광장 2부 (KBS),11.1,10.92,10.9,0.18,평균 이상,0.07,정상 범위,11.0,0.1,2.69,24.67,0.12,9.17,12.8,3.63,2.2,18.8,196.0
2025-04-16,2025,뉴스광장 2부 (KBS),12.0,10.92,10.9,1.08,평균 이상,0.4,정상 범위,11.4,0.6,2.69,24.67,0.12,9.17,12.8,3.63,2.2,18.8,196.0
2025-04-17,2025,뉴스광장 2부 (KBS),14.0,10.92,10.9,3.08,평균 이상,1.15,정상 범위,11.1,2.9,2.69,24.67,0.12,9.17,12.8,3.63,2.2,18.8,196.0
2025-04-18,2025,뉴스광장 2부 (KBS),10.8,10.92,10.9,-0.12,평균 이하,-0.04,정상 범위,13.6,-2.8,2.69,24.67,0.12,9.17,12.8,3.63,2.2,18.8,196.0
2025-04-21,2025,뉴스광장 2부 (KBS),13.2,10.92,10.9,2.28,평균 이상,0.85,정상 범위,13.4,-0.2,2.69,24.67,0.12,9.17,12.8,3.63,2.2,18.8,196.0
2025-04-22,2025,뉴스광장 2부 (KBS),11.6,10.92,10.9,0.68,평균 이상,0.25,정상 범위,11.8,-0.2,2.69,24.67,0.12,9.17,12.8,3.63,2.2,18.8,196.0
2025-04-23,2025,뉴스광장 2부 (KBS),8.9,10.92,10.9,-2.02,평균 이하,-0.75,정상 범위,15.9,-7.0,2.69,24.67,0.12,9.17,12.8,3.63,2.2,18.8,196.0
2025-04-24,2025,뉴스광장 2부 (KBS),10.8,10.92,10.9,-0.12,평균 이하,-0.04,정상 범위,11.1,-0.3,2.69,24.67,0.12,9.17,12.8,3.63,2.2,18.8,196.0
2025-04-25,2025,뉴스광장 2부 (KBS),10.9,10.92,10.9,-0.02,평균 이하,-0.01,정상 범위,12.0,-1.1,2.69,24.67,0.12,9.17,12.8,3.63,2.2,18.8,196.0
2025-04-28,2025,뉴스광장 2부 (KBS),9.0,10.92,10.9,-1.92,평균 이하,-0.71,정상 범위,14.0,-5.0,2.69,24.67,0.12,9.17,12.8,3.63,2.2,18.8,196.0
2025-04-29,2025,뉴스광장 2부 (KBS),10.3,10.92,10.9,-0.62,평균 이하,-0.23,정상 범위,10.8,-0.5,2.69,24.67,0.12,9.17,12.8,3.63,2.2,18.8,196.0
2025-04-30,2025,뉴스광장 2부 (KBS),12.0,10.92,10.9,1.08,평균 이상,0.4,정상 범위,13.2,-1.2,2.69,24.67,0.12,9.17,12.8,3.63,2.2,18.8,196.0
2025-05-01,2025,뉴스광장 2부 (KBS),14.4,10.92,10.9,3.48,평균 이상,1.29,정상 범위,11.6,2.8,2.69,24.67,0.12,9.17,12.8,3.63,2.2,18.8,196.0
2025-05-02,2025,뉴스광장 2부 (KBS),6.2,10.92,10.9,-4.72,평균 이하,-1.75,정상 범위,8.9,-2.7,2.69,24.67,0.12,9.17,12.8,3.63,2.2,18.8,196.0
2025-05-05,2025,뉴스광장 2부 (KBS),12.9,10.92,10.9,1.98,평균 이상,0.74,정상 범위,10.8,2.1,2.69,24.67,0.12,9.17,12.8,3.63,2.2,18.8,196.0
2025-05-06,2025,뉴스광장 2부 (KBS),18.0,10.92,10.9,7.08,평균 이상,2.63,이상치(급증),10.9,7.1,2.69,24.67,0.12,9.17,12.8,3.63,2.2,18.8,196.0
2025-05-07,2025,뉴스광장 2부 (KBS),13.8,10.92,10.9,2.88,평균 이상,1.07,정상 범위,9.0,4.8,2.69,24.67,0.12,9.17,12.8,3.63,2.2,18.8,196.0
2025-05-08,2025,뉴스광장 2부 (KBS),9.2,10.92,10.9,-1.72,평균 이하,-0.64,정상 범위,10.3,-1.1,2.69,24.67,0.12,9.17,12.8,3.63,2.2,18.8,196.0
2025-05-09,2025,뉴스광장 2부 (KBS),13.8,10.92,10.9,2.88,평균 이상,1.07,정상 범위,12.0,1.8,2.69,24.67,0.12,9.17,12.8,3.63,2.2,18.8,196.0
2025-05-12,2025,뉴스광장 2부 (KBS),12.9,10.92,10.9,1.98,평균 이상,0.74,정상 범위,14.4,-1.5,2.69,24.67,0.12,9.17,12.8,3.63,2.2,18.8,196.0
2025-05-13,2025,뉴스광장 2부 (KBS),8.8,10.92,10.9,-2.12,평균 이하,-0.79,정상 범위,6.2,2.6,2.69,24.67,0.12,9.17,12.8,3.63,2.2,18.8,196.0
2025-05-14,2025,뉴스광장 2부 (KBS),13.6,10.92,10.9,2.68,평균 이상,1.0,정상 범위,12.9,0.7,2.69,24.67,0.12,9.17,12.8,3.63,2.2,18.8,196.0
2025-05-15,2025,뉴스광장 2부 (KBS),10.9,10.92,10.9,-0.02,평균 이하,-0.01,정상 범위,18.0,-7.1,2.69,24.67,0.12,9.17,12.8,3.63,2.2,18.8,196.0
2025-05-16,2025,뉴스광장 2부 (KBS),10.4,10.92,10.9,-0.52,평균 이하,-0.19,정상 범위,13.8,-3.4,2.69,24.67,0.12,9.17,12.8,3.63,2.2,18.8,196.0
2025-05-19,2025,뉴스광장 2부 (KBS),6.4,10.92,10.9,-4.52,평균 이하,-1.68,정상 범위,9.2,-2.8,2.69,24.67,0.12,9.17,12.8,3.63,2.2,18.8,196.0
2025-05-20,2025,뉴스광장 2부 (KBS),9.4,10.92,10.9,-1.52,평균 이하,-0.56,정상 범위,13.8,-4.4,2.69,24.67,0.12,9.17,12.8,3.63,2.2,18.8,196.0
2025-05-21,2025,뉴스광장 2부 (KBS),12.5,10.92,10.9,1.58,평균 이상,0.59,정상 범위,12.9,-0.4,2.69,24.67,0.12,9.17,12.8,3.63,2.2,18.8,196.0
2025-05-22,2025,뉴스광장 2부 (KBS),12.6,10.92,10.9,1.68,평균 이상,0.63,정상 범위,8.8,3.8,2.69,24.67,0.12,9.17,12.8,3.63,2.2,18.8,196.0
2025-05-23,2025,뉴스광장 2부 (KBS),10.3,10.92,10.9,-0.62,평균 이하,-0.23,정상 범위,13.6,-3.3,2.69,24.67,0.12,9.17,12.8,3.63,2.2,18.8,196.0
2025-05-26,2025,뉴스광장 2부 (KBS),9.4,10.92,10.9,-1.52,평균 이하,-0.56,정상 범위,10.9,-1.5,2.69,24.67,0.12,9.17,12.8,3.63,2.2,18.8,196.0
2025-05-27,2025,뉴스광장 2부 (KBS),12.1,10.92,10.9,1.18,평균 이상,0.44,정상 범위,10.4,1.7,2.69,24.67,0.12,9.17,12.8,3.63,2.2,18.8,196.0
2025-05-28,2025,뉴스광장 2부 (KBS),8.6,10.92,10.9,-2.32,평균 이하,-0.86,정상 범위,6.4,2.2,2.69,24.67,0.12,9.17,12.8,3.63,2.2,18.8,196.0
2025-05-29,2025,뉴스광장 2부 (KBS),12.9,10.92,10.9,1.98,평균 이상,0.74,정상 범위,9.4,3.5,2.69,24.67,0.12,9.17,12.8,3.63,2.2,18.8,196.0
2025-05-30,2025,뉴스광장 2부 (KBS),10.2,10.92,10.9,-0.72,평균 이하,-0.27,정상 범위,12.5,-2.3,2.69,24.67,0.12,9.17,12.8,3.63,2.2,18.8,196.0
2025-06-02,2025,뉴스광장 2부 (KBS),13.8,10.92,10.9,2.88,평균 이상,1.07,정상 범위,12.6,1.2,2.69,24.67,0.12,9.17,12.8,3.63,2.2,18.8,196.0
2025-06-03,2025,뉴스광장 2부 (KBS),15.8,10.92,10.9,4.88,평균 이상,1.81,정상 범위,10.3,5.5,2.69,24.67,0.12,9.17,12.8,3.63,2.2,18.8,196.0
2025-06-04,2025,뉴스광장 2부 (KBS),9.6,10.92,10.9,-1.32,평균 이하,-0.49,정상 범위,9.4,0.2,2.69,24.67,0.12,9.17,12.8,3.63,2.2,18.8,196.0
2025-06-05,2025,뉴스광장 2부 (KBS),10.4,10.92,10.9,-0.52,평균 이하,-0.19,정상 범위,12.1,-1.7,2.69,24.67,0.12,9.17,12.8,3.63,2.2,18.8,196.0
2025-06-06,2025,뉴스광장 2부 (KBS),12.0,10.92,10.9,1.08,평균 이상,0.4,정상 범위,8.6,3.4,2.69,24.67,0.12,9.17,12.8,3.63,2.2,18.8,196.0
2025-06-09,2025,뉴스광장 2부 (KBS),12.4,10.92,10.9,1.48,평균 이상,0.55,정상 범위,12.9,-0.5,2.69,24.67,0.12,9.17,12.8,3.63,2.2,18.8,196.0
2025-06-10,2025,뉴스광장 2부 (KBS),10.7,10.92,10.9,-0.22,평균 이하,-0.08,정상 범위,10.2,0.5,2.69,24.67,0.12,9.17,12.8,3.63,2.2,18.8,196.0
2025-06-11,2025,뉴스광장 2부 (KBS),8.9,10.92,10.9,-2.02,평균 이하,-0.75,정상 범위,13.8,-4.9,2.69,24.67,0.12,9.17,12.8,3.63,2.2,18.8,196.0
2025-06-12,2025,뉴스광장 2부 (KBS),9.5,10.92,10.9,-1.42,평균 이하,-0.53,정상 범위,15.8,-6.3,2.69,24.67,0.12,9.17,12.8,3.63,2.2,18.8,196.0
2025-06-13,2025,뉴스광장 2부 (KBS),13.4,10.92,10.9,2.48,평균 이상,0.92,정상 범위,9.6,3.8,2.69,24.67,0.12,9.17,12.8,3.63,2.2,18.8,196.0
2025-06-16,2025,뉴스광장 2부 (KBS),11.9,10.92,10.9,0.98,평균 이상,0.37,정상 범위,10.4,1.5,2.69,24.67,0.12,9.17,12.8,3.63,2.2,18.8,196.0
2025-06-17,2025,뉴스광장 2부 (KBS),8.2,10.92,10.9,-2.72,평균 이하,-1.01,정상 범위,12.0,-3.8,2.69,24.67,0.12,9.17,12.8,3.63,2.2,18.8,196.0
2025-06-18,2025,뉴스광장 2부 (KBS),9.9,10.92,10.9,-1.02,평균 이하,-0.38,정상 범위,12.4,-2.5,2.69,24.67,0.12,9.17,12.8,3.63,2.2,18.8,196.0
2025-06-19,2025,뉴스광장 2부 (KBS),9.4,10.92,10.9,-1.52,평균 이하,-0.56,정상 범위,10.7,-1.3,2.69,24.67,0.12,9.17,12.8,3.63,2.2,18.8,196.0
2025-06-20,2025,뉴스광장 2부 (KBS),12.2,10.92,10.9,1.28,평균 이상,0.48,정상 범위,8.9,3.3,2.69,24.67,0.12,9.17,12.8,3.63,2.2,18.8,196.0
2025-06-23,2025,뉴스광장 2부 (KBS),6.2,10.92,10.9,-4.72,평균 이하,-1.75,정상 범위,9.5,-3.3,2.69,24.67,0.12,9.17,12.8,3.63,2.2,18.8,196.0
2025-06-24,2025,뉴스광장 2부 (KBS),11.6,10.92,10.9,0.68,평균 이상,0.25,정상 범위,13.4,-1.8,2.69,24.67,0.12,9.17,12.8,3.63,2.2,18.8,196.0
2025-06-25,2025,뉴스광장 2부 (KBS),12.8,10.92,10.9,1.88,평균 이상,0.7,정상 범위,11.9,0.9,2.69,24.67,0.12,9.17,12.8,3.63,2.2,18.8,196.0
2025-06-26,2025,뉴스광장 2부 (KBS),6.3,10.92,10.9,-4.62,평균 이하,-1.71,정상 범위,8.2,-1.9,2.69,24.67,0.12,9.17,12.8,3.63,2.2,18.8,196.0
2025-06-27,2025,뉴스광장 2부 (KBS),9.5,10.92,10.9,-1.42,평균 이하,-0.53,정상 범위,9.9,-0.4,2.69,24.67,0.12,9.17,12.8,3.63,2.2,18.8,196.0
2025-06-30,2025,뉴스광장 2부 (KBS),12.8,10.92,10.9,1.88,평균 이상,0.7,정상 범위,9.4,3.4,2.69,24.67,0.12,9.17,12.8,3.63,2.2,18.8,196.0
2025-07-01,2025,뉴스광장 2부 (KBS),9.9,10.92,10.9,-1.02,평균 이하,-0.38,정상 범위,12.2,-2.3,2.69,24.67,0.12,9.17,12.8,3.63,2.2,18.8,196.0
2025-07-02,2025,뉴스광장 2부 (KBS),13.1,10.92,10.9,2.18,평균 이상,0.81,정상 범위,6.2,6.9,2.69,24.67,0.12,9.17,12.8,3.63,2.2,18.8,196.0
2025-07-03,2025,뉴스광장 2부 (KBS),10.9,10.92,10.9,-0.02,평균 이하,-0.01,정상 범위,11.6,-0.7,2.69,24.67,0.12,9.17,12.8,3.63,2.2,18.8,196.0
2025-07-04,2025,뉴스광장 2부 (KBS),8.7,10.92,10.9,-2.22,평균 이하,-0.82,정상 범위,12.8,-4.1,2.69,24.67,0.12,9.17,12.8,3.63,2.2,18.8,196.0
2025-07-07,2025,뉴스광장 2부 (KBS),11.0,10.92,10.9,0.08,평균 이상,0.03,정상 범위,6.3,4.7,2.69,24.67,0.12,9.17,12.8,3.63,2.2,18.8,196.0
2025-07-08,2025,뉴스광장 2부 (KBS),11.5,10.92,10.9,0.58,평균 이상,0.22,정상 범위,9.5,2.0,2.69,24.67,0.12,9.17,12.8,3.63,2.2,18.8,196.0
2025-07-09,2025,뉴스광장 2부 (KBS),7.8,10.92,10.9,-3.12,평균 이하,-1.16,정상 범위,12.8,-5.0,2.69,24.67,0.12,9.17,12.8,3.63,2.2,18.8,196.0
2025-07-10,2025,뉴스광장 2부 (KBS),13.8,10.92,10.9,2.88,평균 이상,1.07,정상 범위,9.9,3.9,2.69,24.67,0.12,9.17,12.8,3.63,2.2,18.8,196.0
2025-07-11,2025,뉴스광장 2부 (KBS),7.0,10.92,10.9,-3.92,평균 이하,-1.45,정상 범위,13.1,-6.1,2.69,24.67,0.12,9.17,12.8,3.63,2.2,18.8,196.0
2025-07-14,2025,뉴스광장 2부 (KBS),7.8,10.92,10.9,-3.12,평균 이하,-1.16,정상 범위,10.9,-3.1,2.69,24.67,0.12,9.17,12.8,3.63,2.2,18.8,196.0
2025-07-15,2025,뉴스광장 2부 (KBS),11.1,10.92,10.9,0.18,평균 이상,0.07,정상 범위,8.7,2.4,2.69,24.67,0.12,9.17,12.8,3.63,2.2,18.8,196.0
2025-07-16,2025,뉴스광장 2부 (KBS),12.7,10.92,10.9,1.78,평균 이상,0.66,정상 범위,11.0,1.7,2.69,24.67,0.12,9.17,12.8,3.63,2.2,18.8,196.0
2025-07-17,2025,뉴스광장 2부 (KBS),8.8,10.92,10.9,-2.12,평균 이하,-0.79,정상 범위,11.5,-2.7,2.69,24.67,0.12,9.17,12.8,3.63,2.2,18.8,196.0
2025-07-18,2025,뉴스광장 2부 (KBS),8.4,10.92,10.9,-2.52,평균 이하,-0.93,정상 범위,7.8,0.6,2.69,24.67,0.12,9.17,12.8,3.63,2.2,18.8,196.0
2025-07-21,2025,뉴스광장 2부 (KBS),15.8,10.92,10.9,4.88,평균 이상,1.81,정상 범위,13.8,2.0,2.69,24.67,0.12,9.17,12.8,3.63,2.2,18.8,196.0
2025-07-22,2025,뉴스광장 2부 (KBS),15.5,10.92,10.9,4.58,평균 이상,1.7,정상 범위,7.0,8.5,2.69,24.67,0.12,9.17,12.8,3.63,2.2,18.8,196.0
2025-07-23,2025,뉴스광장 2부 (KBS),12.8,10.92,10.9,1.88,평균 이상,0.7,정상 범위,7.8,5.0,2.69,24.67,0.12,9.17,12.8,3.63,2.2,18.8,196.0
2025-07-24,2025,뉴스광장 2부 (KBS),10.7,10.92,10.9,-0.22,평균 이하,-0.08,정상 범위,11.1,-0.4,2.69,24.67,0.12,9.17,12.8,3.63,2.2,18.8,196.0
2025-07-25,2025,뉴스광장 2부 (KBS),15.1,10.92,10.9,4.18,평균 이상,1.55,정상 범위,12.7,2.4,2.69,24.67,0.12,9.17,12.8,3.63,2.2,18.8,196.0
2025-07-28,2025,뉴스광장 2부 (KBS),10.3,10.92,10.9,-0.62,평균 이하,-0.23,정상 범위,8.8,1.5,2.69,24.67,0.12,9.17,12.8,3.63,2.2,18.8,196.0
2025-07-29,2025,뉴스광장 2부 (KBS),12.8,10.92,10.9,1.88,평균 이상,0.7,정상 범위,8.4,4.4,2.69,24.67,0.12,9.17,12.8,3.63,2.2,18.8,196.0
2025-07-30,2025,뉴스광장 2부 (KBS),10.2,10.92,10.9,-0.72,평균 이하,-0.27,정상 범위,15.8,-5.6,2.69,24.67,0.12,9.17,12.8,3.63,2.2,18.8,196.0
2025-07-31,2025,뉴스광장 2부 (KBS),13.8,10.92,10.9,2.88,평균 이상,1.07,정상 범위,15.5,-1.7,2.69,24.67,0.12,9.17,12.8,3.63,2.2,18.8,196.0
2025-08-01,2025,뉴스광장 2부 (KBS),11.8,10.92,10.9,0.88,평균 이상,0.33,정상 범위,12.8,-1.0,2.69,24.67,0.12,9.17,12.8,3.63,2.2,18.8,196.0
2025-08-04,2025,뉴스광장 2부 (KBS),15.4,10.92,10.9,4.48,평균 이상,1.67,정상 범위,10.7,4.7,2.69,24.67,0.12,9.17,12.8,3.63,2.2,18.8,196.0
2025-08-05,2025,뉴스광장 2부 (KBS),12.6,10.92,10.9,1.68,평균 이상,0.63,정상 범위,15.1,-2.5,2.69,24.67,0.12,9.17,12.8,3.63,2.2,18.8,196.0
2025-08-06,2025,뉴스광장 2부 (KBS),13.5,10.92,10.9,2.58,평균 이상,0.96,정상 범위,10.3,3.2,2.69,24.67,0.12,9.17,12.8,3.63,2.2,18.8,196.0
2025-08-07,2025,뉴스광장 2부 (KBS),12.2,10.92,10.9,1.28,평균 이상,0.48,정상 범위,12.8,-0.6,2.69,24.67,0.12,9.17,12.8,3.63,2.2,18.8,196.0
2025-08-08,2025,뉴스광장 2부 (KBS),14.4,10.92,10.9,3.48,평균 이상,1.29,정상 범위,10.2,4.2,2.69,24.67,0.12,9.17,12.8,3.63,2.2,18.8,196.0
2025-08-11,2025,뉴스광장 2부 (KBS),5.3,10.92,10.9,-5.62,평균 이하,-2.09,이상치(급감),13.8,-8.5,2.69,24.67,0.12,9.17,12.8,3.63,2.2,18.8,196.0
2025-08-12,2025,뉴스광장 2부 (KBS),18.8,10.92,10.9,7.88,평균 이상,2.93,이상치(급증),11.8,7.0,2.69,24.67,0.12,9.17,12.8,3.63,2.2,18.8,196.0
2025-08-13,2025,뉴스광장 2부 (KBS),13.0,10.92,10.9,2.08,평균 이상,0.77,정상 범위,15.4,-2.4,2.69,24.67,0.12,9.17,12.8,3.63,2.2,18.8,196.0
2025-08-14,2025,뉴스광장 2부 (KBS),18.2,10.92,10.9,7.28,평균 이상,2.71,이상치(급증),12.6,5.6,2.69,24.67,0.12,9.17,12.8,3.63,2.2,18.8,196.0
2025-08-15,2025,뉴스광장 2부 (KBS),14.1,10.92,10.9,3.18,평균 이상,1.18,정상 범위,13.5,0.6,2.69,24.67,0.12,9.17,12.8,3.63,2.2,18.8,196.0
2025-08-18,2025,뉴스광장 2부 (KBS),12.9,10.92,10.9,1.98,평균 이상,0.74,정상 범위,12.2,0.7,2.69,24.67,0.12,9.17,12.8,3.63,2.2,18.8,196.0
2025-08-19,2025,뉴스광장 2부 (KBS),13.6,10.92,10.9,2.68,평균 이상,1.0,정상 범위,14.4,-0.8,2.69,24.67,0.12,9.17,12.8,3.63,2.2,18.8,196.0
2025-08-20,2025,뉴스광장 2부 (KBS),7.0,10.92,10.9,-3.92,평균 이하,-1.45,정상 범위,5.3,1.7,2.69,24.67,0.12,9.17,12.8,3.63,2.2,18.8,196.0
2025-08-21,2025,뉴스광장 2부 (KBS),15.0,10.92,10.9,4.08,평균 이상,1.52,정상 범위,18.8,-3.8,2.69,24.67,0.12,9.17,12.8,3.63,2.2,18.8,196.0
2025-08-22,2025,뉴스광장 2부 (KBS),2.2,10.92,10.9,-8.72,평균 이하,-3.24,이상치(급감),13.0,-10.8,2.69,24.67,0.12,9.17,12.8,3.63,2.2,18.8,196.0
2025-08-25,2025,뉴스광장 2부 (KBS),12.9,10.92,10.9,1.98,평균 이상,0.74,정상 범위,18.2,-5.3,2.69,24.67,0.12,9.17,12.8,3.63,2.2,18.8,196.0
2025-08-26,2025,뉴스광장 2부 (KBS),11.5,10.92,10.9,0.58,평균 이상,0.22,정상 범위,14.1,-2.6,2.69,24.67,0.12,9.17,12.8,3.63,2.2,18.8,196.0
2025-08-27,2025,뉴스광장 2부 (KBS),10.8,10.92,10.9,-0.12,평균 이하,-0.04,정상 범위,12.9,-2.1,2.69,24.67,0.12,9.17,12.8,3.63,2.2,18.8,196.0
2025-08-28,2025,뉴스광장 2부 (KBS),12.3,10.92,10.9,1.38,평균 이상,0.51,정상 범위,13.6,-1.3,2.69,24.67,0.12,9.17,12.8,3.63,2.2,18.8,196.0
2025-08-29,2025,뉴스광장 2부 (KBS),14.0,10.92,10.9,3.08,평균 이상,1.15,정상 범위,7.0,7.0,2.69,24.67,0.12,9.17,12.8,3.63,2.2,18.8,196.0
2025-09-01,2025,뉴스광장 2부 (KBS),13.4,10.92,10.9,2.48,평균 이상,0.92,정상 범위,15.0,-1.6,2.69,24.67,0.12,9.17,12.8,3.63,2.2,18.8,196.0
2025-09-02,2025,뉴스광장 2부 (KBS),13.5,10.92,10.9,2.58,평균 이상,0.96,정상 범위,2.2,11.3,2.69,24.67,0.12,9.17,12.8,3.63,2.2,18.8,196.0
2025-09-03,2025,뉴스광장 2부 (KBS),11.7,10.92,10.9,0.78,평균 이상,0.29,정상 범위,12.9,-1.2,2.69,24.67,0.12,9.17,12.8,3.63,2.2,18.8,196.0
2025-09-04,2025,뉴스광장 2부 (KBS),11.4,10.92,10.9,0.48,평균 이상,0.18,정상 범위,11.5,-0.1,2.69,24.67,0.12,9.17,12.8,3.63,2.2,18.8,196.0
2025-09-05,2025,뉴스광장 2부 (KBS),13.0,10.92,10.9,2.08,평균 이상,0.77,정상 범위,10.8,2.2,2.69,24.67,0.12,9.17,12.8,3.63,2.2,18.8,196.0
2025-09-08,2025,뉴스광장 2부 (KBS),11.7,10.92,10.9,0.78,평균 이상,0.29,정상 범위,12.3,-0.6,2.69,24.67,0.12,9.17,12.8,3.63,2.2,18.8,196.0
2025-09-09,2025,뉴스광장 2부 (KBS),13.3,10.92,10.9,2.38,평균 이상,0.89,정상 범위,14.0,-0.7,2.69,24.67,0.12,9.17,12.8,3.63,2.2,18.8,196.0
2025-09-10,2025,뉴스광장 2부 (KBS),12.4,10.92,10.9,1.48,평균 이상,0.55,정상 범위,13.4,-1.0,2.69,24.67,0.12,9.17,12.8,3.63,2.2,18.8,196.0
2025-09-11,2025,뉴스광장 2부 (KBS),12.1,10.92,10.9,1.18,평균 이상,0.44,정상 범위,13.5,-1.4,2.69,24.67,0.12,9.17,12.8,3.63,2.2,18.8,196.0
2025-09-12,2025,뉴스광장 2부 (KBS),15.5,10.92,10.9,4.58,평균 이상,1.7,정상 범위,11.7,3.8,2.69,24.67,0.12,9.17,12.8,3.63,2.2,18.8,196.0
2025-09-15,2025,뉴스광장 2부 (KBS),13.1,10.92,10.9,2.18,평균 이상,0.81,정상 범위,11.4,1.7,2.69,24.67,0.12,9.17,12.8,3.63,2.2,18.8,196.0
2025-09-16,2025,뉴스광장 2부 (KBS),10.5,10.92,10.9,-0.42,평균 이하,-0.15,정상 범위,13.0,-2.5,2.69,24.67,0.12,9.17,12.8,3.63,2.2,18.8,196.0
2025-09-17,2025,뉴스광장 2부 (KBS),10.7,10.92,10.9,-0.22,평균 이하,-0.08,정상 범위,11.7,-1.0,2.69,24.67,0.12,9.17,12.8,3.63,2.2,18.8,196.0
2025-09-18,2025,뉴스광장 2부 (KBS),8.6,10.92,10.9,-2.32,평균 이하,-0.86,정상 범위,13.3,-4.7,2.69,24.67,0.12,9.17,12.8,3.63,2.2,18.8,196.0
2025-09-19,2025,뉴스광장 2부 (KBS),14.7,10.92,10.9,3.78,평균 이상,1.41,정상 범위,12.4,2.3,2.69,24.67,0.12,9.17,12.8,3.63,2.2,18.8,196.0
2025-09-22,2025,뉴스광장 2부 (KBS),9.8,10.92,10.9,-1.12,평균 이하,-0.41,정상 범위,12.1,-2.3,2.69,24.67,0.12,9.17,12.8,3.63,2.2,18.8,196.0
2025-09-23,2025,뉴스광장 2부 (KBS),11.4,10.92,10.9,0.48,평균 이상,0.18,정상 범위,15.5,-4.1,2.69,24.67,0.12,9.17,12.8,3.63,2.2,18.8,196.0
2025-09-24,2025,뉴스광장 2부 (KBS),9.0,10.92,10.9,-1.92,평균 이하,-0.71,정상 범위,13.1,-4.1,2.69,24.67,0.12,9.17,12.8,3.63,2.2,18.8,196.0
2025-09-25,2025,뉴스광장 2부 (KBS),17.4,10.92,10.9,6.48,평균 이상,2.41,이상치(급증),10.5,6.9,2.69,24.67,0.12,9.17,12.8,3.63,2.2,18.8,196.0
2025-09-26,2025,뉴스광장 2부 (KBS),10.0,10.92,10.9,-0.92,평균 이하,-0.34,정상 범위,10.7,-0.7,2.69,24.67,0.12,9.17,12.8,3.63,2.2,18.8,196.0
2025-09-29,2025,뉴스광장 2부 (KBS),10.1,10.92,10.9,-0.82,평균 이하,-0.3,정상 범위,8.6,1.5,2.69,24.67,0.12,9.17,12.8,3.63,2.2,18.8,196.0
2025-09-30,2025,뉴스광장 2부 (KBS),17.8,10.92,10.9,6.88,평균 이상,2.56,이상치(급증),14.7,3.1,2.69,24.67,0.12,9.17,12.8,3.63,2.2,18.8,196.0
2025-10-01,2025,뉴스광장 2부 (KBS),11.2,10.92,10.9,0.28,평균 이상,0.11,정상 범위,9.8,1.4,2.69,24.67,0.12,9.17,12.8,3.63,2.2,18.8,196.0
2025-10-02,2025,뉴스광장 2부 (KBS),10.0,10.92,10.9,-0.92,평균 이하,-0.34,정상 범위,11.4,-1.4,2.69,24.67,0.12,9.17,12.8,3.63,2.2,18.8,196.0
2025-10-03,2025,뉴스광장 2부 (KBS),12.0,10.92,10.9,1.08,평균 이상,0.4,정상 범위,9.0,3.0,2.69,24.67,0.12,9.17,12.8,3.63,2.2,18.8,196.0
2025-10-07,2025,뉴스광장 2부 (KBS),5.6,10.92,10.9,-5.32,평균 이하,-1.97,정상 범위,17.4,-11.8,2.69,24.67,0.12,9.17,12.8,3.63,2.2,18.8,196.0
2025-10-08,2025,뉴스광장 2부 (KBS),13.3,10.92,10.9,2.38,평균 이상,0.89,정상 범위,10.0,3.3,2.69,24.67,0.12,9.17,12.8,3.63,2.2,18.8,196.0
2025-10-09,2025,뉴스광장 2부 (KBS),11.4,10.92,10.9,0.48,평균 이상,0.18,정상 범위,10.1,1.3,2.69,24.67,0.12,9.17,12.8,3.63,2.2,18.8,196.0
2025-10-10,2025,뉴스광장 2부 (KBS),10.2,10.92,10.9,-0.72,평균 이하,-0.27,정상 범위,17.8,-7.6,2.69,24.67,0.12,9.17,12.8,3.63,2.2,18.8,196.0
2025-10-13,2025,뉴스광장 2부 (KBS),9.4,10.92,10.9,-1.52,평균 이하,-0.56,정상 범위,11.2,-1.8,2.69,24.67,0.12,9.17,12.8,3.63,2.2,18.8,196.0
2025-10-14,2025,뉴스광장 2부 (KBS),9.9,10.92,10.9,-1.02,평균 이하,-0.38,정상 범위,10.0,-0.1,2.69,24.67,0.12,9.17,12.8,3.63,2.2,18.8,196.0
2025-10-15,2025,뉴스광장 2부 (KBS),9.9,10.92,10.9,-1.02,평균 이하,-0.38,정상 범위,12.0,-2.1,2.69,24.67,0.12,9.17,12.8,3.63,2.2,18.8,196.0
2025-10-16,2025,뉴스광장 2부 (KBS),9.6,10.92,10.9,-1.32,평균 이하,-0.49,정상 범위,5.6,4.0,2.69,24.67,0.12,9.17,12.8,3.63,2.2,18.8,196.0
2025-10-17,2025,뉴스광장 2부 (KBS),8.6,10.92,10.9,-2.32,평균 이하,-0.86,정상 범위,13.3,-4.7,2.69,24.67,0.12,9.17,12.8,3.63,2.2,18.8,196.0
2025-10-20,2025,뉴스광장 2부 (KBS),9.7,10.92,10.9,-1.22,평균 이하,-0.45,정상 범위,11.4,-1.7,2.69,24.67,0.12,9.17,12.8,3.63,2.2,18.8,196.0
2025-10-21,2025,뉴스광장 2부 (KBS),11.0,10.92,10.9,0.08,평균 이상,0.03,정상 범위,10.2,0.8,2.69,24.67,0.12,9.17,12.8,3.63,2.2,18.8,196.0
2025-10-22,2025,뉴스광장 2부 (KBS),11.8,10.92,10.9,0.88,평균 이상,0.33,정상 범위,9.4,2.4,2.69,24.67,0.12,9.17,12.8,3.63,2.2,18.8,196.0
2025-10-23,2025,뉴스광장 2부 (KBS),12.3,10.92,10.9,1.38,평균 이상,0.51,정상 범위,9.9,2.4,2.69,24.67,0.12,9.17,12.8,3.63,2.2,18.8,196.0
2025-10-24,2025,뉴스광장 2부 (KBS),9.5,10.92,10.9,-1.42,평균 이하,-0.53,정상 범위,9.9,-0.4,2.69,24.67,0.12,9.17,12.8,3.63,2.2,18.8,196.0
2025-10-27,2025,뉴스광장 2부 (KBS),7.7,10.92,10.9,-3.22,평균 이하,-1.19,정상 범위,9.6,-1.9,2.69,24.67,0.12,9.17,12.8,3.63,2.2,18.8,196.0
2025-10-28,2025,뉴스광장 2부 (KBS),7.4,10.92,10.9,-3.52,평균 이하,-1.31,정상 범위,8.6,-1.2,2.69,24.67,0.12,9.17,12.8,3.63,2.2,18.8,196.0
2025-10-29,2025,뉴스광장 2부 (KBS),8.5,10.92,10.9,-2.42,평균 이하,-0.9,정상 범위,9.7,-1.2,2.69,24.67,0.12,9.17,12.8,3.63,2.2,18.8,196.0
2025-10-30,2025,뉴스광장 2부 (KBS),9.4,10.92,10.9,-1.52,평균 이하,-0.56,정상 범위,11.0,-1.6,2.69,24.67,0.12,9.17,12.8,3.63,2.2,18.8,196.0
2025-10-31,2025,뉴스광장 2부 (KBS),10.1,10.92,10.9,-0.82,평균 이하,-0.3,정상 범위,11.8,-1.7,2.69,24.67,0.12,9.17,12.8,3.63,2.2,18.8,196.0
2025-11-03,2025,뉴스광장 2부 (KBS),13.5,10.92,10.9,2.58,평균 이상,0.96,정상 범위,12.3,1.2,2.69,24.67,0.12,9.17,12.8,3.63,2.2,18.8,196.0
2025-11-04,2025,뉴스광장 2부 (KBS),11.3,10.92,10.9,0.38,평균 이상,0.14,정상 범위,9.5,1.8,2.69,24.67,0.12,9.17,12.8,3.63,2.2,18.8,196.0
2025-11-05,2025,뉴스광장 2부 (KBS),11.0,10.92,10.9,0.08,평균 이상,0.03,정상 범위,7.7,3.3,2.69,24.67,0.12,9.17,12.8,3.63,2.2,18.8,196.0
2025-11-06,2025,뉴스광장 2부 (KBS),8.2,10.92,10.9,-2.72,평균 이하,-1.01,정상 범위,7.4,0.8,2.69,24.67,0.12,9.17,12.8,3.63,2.2,18.8,196.0
2025-11-07,2025,뉴스광장 2부 (KBS),9.8,10.92,10.9,-1.12,평균 이하,-0.41,정상 범위,8.5,1.3,2.69,24.67,0.12,9.17,12.8,3.63,2.2,18.8,196.0
2025-11-10,2025,뉴스광장 2부 (KBS),5.4,10.92,10.9,-5.52,평균 이하,-2.05,이상치(급감),9.4,-4.0,2.69,24.67,0.12,9.17,12.8,3.63,2.2,18.8,196.0
2025-11-11,2025,뉴스광장 2부 (KBS),10.5,10.92,10.9,-0.42,평균 이하,-0.15,정상 범위,10.1,0.4,2.69,24.67,0.12,9.17,12.8,3.63,2.2,18.8,196.0
2025-11-12,2025,뉴스광장 2부 (KBS),9.8,10.92,10.9,-1.12,평균 이하,-0.41,정상 범위,13.5,-3.7,2.69,24.67,0.12,9.17,12.8,3.63,2.2,18.8,196.0
2025-11-13,2025,뉴스광장 2부 (KBS),9.7,10.92,10.9,-1.22,평균 이하,-0.45,정상 범위,11.3,-1.6,2.69,24.67,0.12,9.17,12.8,3.63,2.2,18.8,196.0
2025-11-14,2025,뉴스광장 2부 (KBS),7.4,10.92,10.9,-3.52,평균 이하,-1.31,정상 범위,11.0,-3.6,2.69,24.67,0.12,9.17,12.8,3.63,2.2,18.8,196.0
2025-11-17,2025,뉴스광장 2부 (KBS),7.5,10.92,10.9,-3.42,평균 이하,-1.27,정상 범위,8.2,-0.7,2.69,24.67,0.12,9.17,12.8,3.63,2.2,18.8,196.0
2025-11-18,2025,뉴스광장 2부 (KBS),8.8,10.92,10.9,-2.12,평균 이하,-0.79,정상 범위,9.8,-1.0,2.69,24.67,0.12,9.17,12.8,3.63,2.2,18.8,196.0
2025-11-19,2025,뉴스광장 2부 (KBS),15.0,10.92,10.9,4.08,평균 이상,1.52,정상 범위,5.4,9.6,2.69,24.67,0.12,9.17,12.8,3.63,2.2,18.8,196.0
2025-11-20,2025,뉴스광장 2부 (KBS),10.5,10.92,10.9,-0.42,평균 이하,-0.15,정상 범위,10.5,0.0,2.69,24.67,0.12,9.17,12.8,3.63,2.2,18.8,196.0
2025-11-21,2025,뉴스광장 2부 (KBS),11.3,10.92,10.9,0.38,평균 이상,0.14,정상 범위,9.8,1.5,2.69,24.67,0.12,9.17,12.8,3.63,2.2,18.8,196.0
2025-11-24,2025,뉴스광장 2부 (KBS),12.5,10.92,10.9,1.58,평균 이상,0.59,정상 범위,9.7,2.8,2.69,24.67,0.12,9.17,12.8,3.63,2.2,18.8,196.0
2025-11-25,2025,뉴스광장 2부 (KBS),9.7,10.92,10.9,-1.22,평균 이하,-0.45,정상 범위,7.4,2.3,2.69,24.67,0.12,9.17,12.8,3.63,2.2,18.8,196.0
2025-11-26,2025,뉴스광장 2부 (KBS),7.3,10.92,10.9,-3.62,평균 이하,-1.34,정상 범위,7.5,-0.2,2.69,24.67,0.12,9.17,12.8,3.63,2.2,18.8,196.0
2025-11-27,2025,뉴스광장 2부 (KBS),9.6,10.92,10.9,-1.32,평균 이하,-0.49,정상 범위,8.8,0.8,2.69,24.67,0.12,9.17,12.8,3.63,2.2,18.8,196.0
2025-11-28,2025,뉴스광장 2부 (KBS),11.9,10.92,10.9,0.98,평균 이상,0.37,정상 범위,15.0,-3.1,2.69,24.67,0.12,9.17,12.8,3.63,2.2,18.8,196.0
2025-12-01,2025,뉴스광장 2부 (KBS),9.1,10.92,10.9,-1.82,평균 이하,-0.67,정상 범위,10.5,-1.4,2.69,24.67,0.12,9.17,12.8,3.63,2.2,18.8,196.0
2025-12-02,2025,뉴스광장 2부 (KBS),6.5,10.92,10.9,-4.42,평균 이하,-1.64,정상 범위,11.3,-4.8,2.69,24.67,0.12,9.17,12.8,3.63,2.2,18.8,196.0
2025-12-03,2025,뉴스광장 2부 (KBS),9.4,10.92,10.9,-1.52,평균 이하,-0.56,정상 범위,12.5,-3.1,2.69,24.67,0.12,9.17,12.8,3.63,2.2,18.8,196.0
2025-12-04,2025,뉴스광장 2부 (KBS),8.4,10.92,10.9,-2.52,평균 이하,-0.93,정상 범위,9.7,-1.3,2.69,24.67,0.12,9.17,12.8,3.63,2.2,18.8,196.0
2025-12-05,2025,뉴스광장 2부 (KBS),7.0,10.92,10.9,-3.92,평균 이하,-1.45,정상 범위,7.3,-0.3,2.69,24.67,0.12,9.17,12.8,3.63,2.2,18.8,196.0
2025-12-08,2025,뉴스광장 2부 (KBS),12.5,10.92,10.9,1.58,평균 이상,0.59,정상 범위,9.6,2.9,2.69,24.67,0.12,9.17,12.8,3.63,2.2,18.8,196.0
2025-12-09,2025,뉴스광장 2부 (KBS),8.1,10.92,10.9,-2.82,평균 이하,-1.05,정상 범위,11.9,-3.8,2.69,24.67,0.12,9.17,12.8,3.63,2.2,18.8,196.0
2025-12-10,2025,뉴스광장 2부 (KBS),8.7,10.92,10.9,-2.22,평균 이하,-0.82,정상 범위,9.1,-0.4,2.69,24.67,0.12,9.17,12.8,3.63,2.2,18.8,196.0
2025-12-11,2025,뉴스광장 2부 (KBS),10.7,10.92,10.9,-0.22,평균 이하,-0.08,정상 범위,6.5,4.2,2.69,24.67,0.12,9.17,12.8,3.63,2.2,18.8,196.0
2025-12-12,2025,뉴스광장 2부 (KBS),5.4,10.92,10.9,-5.52,평균 이하,-2.05,이상치(급감),9.4,-4.0,2.69,24.67,0.12,9.17,12.8,3.63,2.2,18.8,196.0
2025-12-15,2025,뉴스광장 2부 (KBS),8.2,10.92,10.9,-2.72,평균 이하,-1.01,정상 범위,8.4,-0.2,2.69,24.67,0.12,9.17,12.8,3.63,2.2,18.8,196.0
2025-12-16,2025,뉴스광장 2부 (KBS),7.1,10.92,10.9,-3.82,평균 이하,-1.42,정상 범위,7.0,0.1,2.69,24.67,0.12,9.17,12.8,3.63,2.2,18.8,196.0
2025-12-17,2025,뉴스광장 2부 (KBS),5.4,10.92,10.9,-5.52,평균 이하,-2.05,이상치(급감),12.5,-7.1,2.69,24.67,0.12,9.17,12.8,3.63,2.2,18.8,196.0
2025-12-18,2025,뉴스광장 2부 (KBS),9.7,10.92,10.9,-1.22,평균 이하,-0.45,정상 범위,8.1,1.6,2.69,24.67,0.12,9.17,12.8,3.63,2.2,18.8,196.0
2025-12-19,2025,뉴스광장 2부 (KBS),8.6,10.92,10.9,-2.32,평균 이하,-0.86,정상 범위,8.7,-0.1,2.69,24.67,0.12,9.17,12.8,3.63,2.2,18.8,196.0
2025-12-22,2025,뉴스광장 2부 (KBS),11.0,10.92,10.9,0.08,평균 이상,0.03,정상 범위,10.7,0.3,2.69,24.67,0.12,9.17,12.8,3.63,2.2,18.8,196.0
2025-12-23,2025,뉴스광장 2부 (KBS),7.6,10.92,10.9,-3.32,평균 이하,-1.23,정상 범위,5.4,2.2,2.69,24.67,0.12,9.17,12.8,3.63,2.2,18.8,196.0
2025-12-24,2025,뉴스광장 2부 (KBS),8.0,10.92,10.9,-2.92,평균 이하,-1.08,정상 범위,8.2,-0.2,2.69,24.67,0.12,9.17,12.8,3.63,2.2,18.8,196.0
2025-12-25,2025,뉴스광장 2부 (KBS),8.2,10.92,10.9,-2.72,평균 이하,-1.01,정상 범위,7.1,1.1,2.69,24.67,0.12,9.17,12.8,3.63,2.2,18.8,196.0
2025-12-26,2025,뉴스광장 2부 (KBS),8.3,10.92,10.9,-2.62,평균 이하,-0.97,정상 범위,5.4,2.9,2.69,24.67,0.12,9.17,12.8,3.63,2.2,18.8,196.0
2025-12-29,2025,뉴스광장 2부 (KBS),9.4,10.92,10.9,-1.52,평균 이하,-0.56,정상 범위,9.7,-0.3,2.69,24.67,0.12,9.17,12.8,3.63,2.2,18.8,196.0
2025-12-30,2025,뉴스광장 2부 (KBS),8.0,10.92,10.9,-2.92,평균 이하,-1.08,정상 범위,8.6,-0.6,2.69,24.67,0.12,9.17,12.8,3.63,2.2,18.8,196.0
2025-12-31,2025,뉴스광장 2부 (KBS),9.8,10.92,10.9,-1.12,평균 이하,-0.41,정상 범위,11.0,-1.2,2.69,24.67,0.12,9.17,12.8,3.63,2.2,18.8,196.0
